<?xml version="1.0" encoding="UTF-8"?>
<metadata xml:lang="en"><Esri><CreaDate>20111012</CreaDate><CreaTime>11433700</CreaTime><ArcGISFormat>1.0</ArcGISFormat><ArcGISstyle>Districting</ArcGISstyle><SyncOnce>TRUE</SyncOnce><DataProperties><lineage><Process ToolSource="C:\Program Files (x86)\ArcGIS\Desktop10.0\ArcToolbox\Toolboxes\Data Management Tools.tbx\CalculateField" Date="20111012" Time="114337">CalculateField pct2010_027 Precinct Right( [Precinct],2 ) VB #</Process><Process ToolSource="C:\Program Files (x86)\ArcGIS\Desktop10.0\ArcToolbox\Toolboxes\Data Management Tools.tbx\CalculateField" Date="20111012" Time="114408">CalculateField pct2010_027 Precinct Right( [Precinct],1 ) VB #</Process><Process ToolSource="C:\Program Files (x86)\ArcGIS\Desktop10.0\ArcToolbox\Toolboxes\Data Management Tools.tbx\CalculateField" Date="20111013" Time="132545">CalculateField pct2010_027 Precinct Right( [Precinct],2 ) VB #</Process></lineage></DataProperties></Esri></metadata>
